product_id,anonymous,buyerCountry,buyerEval,buyerFeedback,buyerGender,buyerHeadPortrait,buyerId,buyerName,evalDate,image,logistics,skuInfo,thumbnail
32457370321,False,US,100,"Шло долго, а так все ок. Научиться бы еще пользоваться)",F,https://gw.alicdn.com/tps/TB1zA01LXXXXXc0XFXXXXXXXXXX-240-240.png,139068901,A***a K.,28 Apr 2018,https://ae01.alicdn.com/kf/UTB8o2snyCnEXKJk43Ubq6zLppXal.jpg,China Post Ordinary Small Packet Plus,Color:15cm golden ,https://ae01.alicdn.com/kf/UTB8o2snyCnEXKJk43Ubq6zLppXal.jpg_220x220.jpg
32457370321,False,US,100,c est ma 2 eme commande je suis satisfaite merci vendeur ( la photo est juste indicatif),F,https://ae01.alicdn.com/kf/UTB8tgWRv5aMiuJk43PTq6ySmXXad.jpg_220x220.jpg,1660086004,H***t M.,22 May 2018,https://ae01.alicdn.com/kf/UTB8seU_y3QydeJk43PUq6AyQpXaH.jpg,China Post Ordinary Small Packet Plus,Color:15cm coffee ,https://ae01.alicdn.com/kf/UTB8seU_y3QydeJk43PUq6AyQpXaH.jpg_220x220.jpg
32457370321,False,US,100,,,,888275472,R***n D.,11 Sep 2018,,ePacket,Color:21cm golden ,
32457370321,False,US,80,,F,https://ae01.alicdn.com/kf/UTB8rrxChD_IXKJkSalUq6yBzVXal.jpg_220x220.jpg,1695675943,J****e T.,15 Aug 2018,https://ae01.alicdn.com/kf/UTB86KiJB3QydeJk43PUq6AyQpXaQ.jpg,China Post Ordinary Small Packet Plus,Color:24.5cm D ,https://ae01.alicdn.com/kf/UTB86KiJB3QydeJk43PUq6AyQpXaQ.jpg_220x220.jpg
32457370321,False,US,100,Product as described ,F,https://gw.alicdn.com/tps/TB1zA01LXXXXXc0XFXXXXXXXXXX-240-240.png,924723896,L***a F.,30 Jul 2018,https://ae01.alicdn.com/kf/UTB8WqsEhpPJXKJkSahVq6xyzFXa2.jpg,China Post Ordinary Small Packet Plus,Color:21cm medium coffee ,https://ae01.alicdn.com/kf/UTB8WqsEhpPJXKJkSahVq6xyzFXa2.jpg_220x220.jpg
32457370321,False,US,60,заказывала 2 пришел один(((,F,https://ae01.alicdn.com/kf/UTB8koJ1wWrFXKJk43Ovq6ybnpXaX.jpg_220x220.jpg,138710516,T*****a M.,03 Jun 2018,https://ae01.alicdn.com/kf/UTB8gTC5fSbIXKJkSaefq6yasXXaw.jpg,SunYou Economic Air Mail,Color:21cm golden ,https://ae01.alicdn.com/kf/UTB8gTC5fSbIXKJkSaefq6yasXXaw.jpg_220x220.jpg
32457370321,True,US,60,The band is not as easy as described in the ad. The band is pretty stuff to make a bun. I still have no clear idea how to use the band right after watching youtube manual several times. ,,,,AliExpress Shopper,28 Aug 2018,,China Post Ordinary Small Packet Plus,Color:21cm dark coffee ,
32457370321,False,US,100,"Para mi debe ser más largo,porque tengo mucho cabello",,,186646622,C******l C.,14 Aug 2018,,China Post Ordinary Small Packet Plus,Color:21cm black ,
32457370321,False,US,100,"Packaging was ok, nothing special. It came in about a month without any issues. it fits the pics in the add perfectly. I have tried it but its not as easy to use as I hoped...will get the hang of it though :)",F,https://gw.alicdn.com/tps/TB1zA01LXXXXXc0XFXXXXXXXXXX-240-240.png,790651565,L**y M.,03 May 2018,,China Post Ordinary Small Packet Plus,Color:21cm dark coffee ,
32457370321,False,US,100,herramienta perfecta para hacerse moños! Me encanta!,F,https://ae01.alicdn.com/kf/UT8HvqPXOdXXXagOFbX0.jpg_220x220.jpg,825870436,M*****a G.,11 Aug 2018,,China Post Ordinary Small Packet Plus,Color:15cm coffee ,
32457370321,False,US,100,"Доставка 2месяца до Новосибирска. Всё как на картине. Чтобы пользоваться, нужно приловчиться)",,,899491832,I*****a O.,27 Apr 2018,,China Post Ordinary Small Packet Plus,Color:21cm black ,
32457370321,False,US,100,"Надо приноровиться на длинные волосы до поясницы. бублик получился с первого раза. Качеством довольна, но использовала всего 1 день.",F,https://gw.alicdn.com/tps/TB1zA01LXXXXXc0XFXXXXXXXXXX-240-240.png,924432066,T*****a G.,16 May 2018,,AliExpress Saver Shipping,Color:21cm dark coffee ,
32457370321,True,US,100,пришло быстро. но чтобы пользоваться надо ещё приноровиться. пока ничего не получается.,,,,AliExpress Shopper,22 Mar 2018,,China Post Registered Air Mail,Color:24.5cm D ,
32457370321,False,US,100,"Good quality product, but it's taking a little while for me to figure out how to use it well. ",F,https://ae01.alicdn.com/kf/UTB8Lh8Rk8ahduJk43Jaq6zM8FXac.jpg_220x220.jpg,195570157,C***y M.,14 May 2018,,China Post Ordinary Small Packet Plus,Color:21cm dark coffee ,
32457370321,False,US,100,"не обратила внимание на длину, очень маленькая, 15 см. В целом качество хорошее, доставка долгая, без запаха.",F,https://gw.alicdn.com/tps/TB1zA01LXXXXXc0XFXXXXXXXXXX-240-240.png,136942480,E*******a M.,03 May 2018,,SunYou Economic Air Mail,Color:15cm golden ,
32457370321,True,US,100,"Very happy, it works! Even with my (very) long hair.",F,,,AliExpress Shopper,03 May 2018,,China Post Ordinary Small Packet Plus,Color:21cm dark coffee ,
32457370321,False,US,100,"Nice product, fast delivery. I totally recommended!",,,136459677,G**a A.,03 Apr 2018,,ePacket,Color:21cm dark coffee ,
32457370321,False,US,60,"Very difficult to use, just too frustrating to get it to work in my hair. Thank goodness it was cheap.",F,https://ae01.alicdn.com/kf/UTB88cBogKvJXKJkSajhq6A7aFXa3.jpg_220x220.jpg,926589570,A*a L.,28 Jun 2018,,China Post Ordinary Small Packet Plus,Color:24.5cm D ,
32457370321,False,US,100,Perfect !! Beautiful. Thank you !!! :),,,884954519,P*****e P.,05 May 2018,,AliExpress Standard Shipping,Color:21cm dark coffee ,
32457370321,False,US,100,"все хорошо, шло недолго",,,879954023,M****a S.,05 Sep 2018,,Cainiao Super Economy,Color:21cm light coffee ,
32457370321,False,RU,100,"классная штука,на 21 см. для моих волос тонких и не очень длинных в самый раз подошло,пучок легко получается.посылка не отслеживалась.",F,https://ae01.alicdn.com/kf/UT8fuG0XJhXXXagOFbXG.jpg_220x220.jpg,764728708,I***a G.,20 Apr 2018,https://ae01.alicdn.com/kf/UTB84MdpxiaMiuJk43PTq6ySmXXaw.jpg,China Post Ordinary Small Packet Plus,Color:21cm dark coffee ,https://ae01.alicdn.com/kf/UTB84MdpxiaMiuJk43PTq6ySmXXaw.jpg_220x220.jpg
32457370321,False,FR,80,like the picture but I don't know if it's work well,F,https://ae01.alicdn.com/kf/UT843T1Xy8XXXagOFbXx.jpg_220x220.jpg,718031055,N***y N.,20 Aug 2018,https://ae01.alicdn.com/kf/UTB8eNzHiXPJXKJkSahVq6xyzFXal.jpg,China Post Ordinary Small Packet Plus,Color:24.5cm C ,https://ae01.alicdn.com/kf/UTB8eNzHiXPJXKJkSahVq6xyzFXal.jpg_220x220.jpg
32457370321,True,RU,100,"Размер детский, на не очень густой волос. Всё нравится.",F,,,AliExpress Shopper,04 Apr 2018,https://ae01.alicdn.com/kf/UTB8xwbGxiDEXKJk43Oqq6Az3XXaj.jpg,AliExpress Saver Shipping,Color:15cm coffee ,https://ae01.alicdn.com/kf/UTB8xwbGxiDEXKJk43Oqq6Az3XXaj.jpg_220x220.jpg
32457370321,False,RU,100,"Доставка - 25 дней в Москву, как на картинке, в деле пока не пробовала.",F,https://gw.alicdn.com/tps/TB1zA01LXXXXXc0XFXXXXXXXXXX-240-240.png,129203031,O**a R.,30 Aug 2018,https://ae01.alicdn.com/kf/UTB8Ng7lCGrFXKJk43Ovq6ybnpXay.jpg,AliExpress Saver Shipping,Color:24.5cm E ,https://ae01.alicdn.com/kf/UTB8Ng7lCGrFXKJk43Ovq6ybnpXay.jpg_220x220.jpg
32457370321,False,RU,100,"до Калуги долго месяц и две недели, трек не отслеживался. Товар как в описании, претензий нет, но долго...",,https://ae01.alicdn.com/kf/UT8r0iEXYVXXXagOFbX4.jpg_220x220.jpg,862879236,S****i G.,23 Mar 2018,https://ae01.alicdn.com/kf/UTB8xLXywGrFXKJk43Ovq6ybnpXab.jpg,China Post Ordinary Small Packet Plus,Color:21cm dark coffee ,https://ae01.alicdn.com/kf/UTB8xLXywGrFXKJk43Ovq6ybnpXab.jpg_220x220.jpg
32457370321,False,RU,100,"45 дней прошло с момента размещения заказа и до получения мной товара на почте. Это очень долго даже с учётом моего региона. Посылка пришла в обычном почтовом пакете. Плюс в пакет был упакован сам аксессуар вместе с мини инструкцией по применению. Товар не поврежден и полностью соответствует описанию. С продавцом общаться не приходилось. Защиты заказа ели-ели хватило на время доставки. Пока не получается сделать причёску, надо приноровиться сначала, но отзывы положительные и думаю всё получится.",F,https://ae01.alicdn.com/kf/UTB8pWvCt4HEXKJk43Jeq6yeeXXaD.jpg_220x220.jpg,917377713,M****a P.,30 Mar 2018,https://ae01.alicdn.com/kf/UTB84EDFw5DEXKJk43Oqq6Az3XXaR.jpg,AliExpress Saver Shipping,Color:24.5cm D ,https://ae01.alicdn.com/kf/UTB84EDFw5DEXKJk43Oqq6Az3XXaR.jpg_220x220.jpg
32457370321,False,LT,100,very nice not tried it yet,F,https://ae01.alicdn.com/kf/UT8WZrxXGBbXXagOFbX6.jpg_220x220.jpg,841655079,S**************e S.,11 Sep 2018,,China Post Ordinary Small Packet Plus,Color:15cm golden ,
32457370321,False,MD,100,нравится! прикольная штука. хорошо держит с резинкой.,F,https://ae01.alicdn.com/kf/UTB8y53KwdoSdeJk43Owq6ya4XXaX.jpg_220x220.jpg,776710277,L******a G.,31 Aug 2018,https://ae01.alicdn.com/kf/UTB8id0ziHPJXKJkSafSq6yqUXXar.jpg,China Post Ordinary Small Packet Plus,Color:21cm light coffee ,https://ae01.alicdn.com/kf/UTB8id0ziHPJXKJkSafSq6yqUXXar.jpg_220x220.jpg
32457370321,False,ES,100,"Item as decribed, arruved quicky. It is easy too use, my hair is straight and thin... not heavy.",F,https://ae01.alicdn.com/kf/UTB8sZBqeDzIXKJkSafVq6yWgXXaj.jpg_220x220.jpg,776538532,T**a N.,24 May 2018,https://ae01.alicdn.com/kf/UTB87Dy_fdnJXKJkSaiyq6AhwXXaE.jpg,AliExpress Saver Shipping,Color:15cm coffee ,https://ae01.alicdn.com/kf/UTB87Dy_fdnJXKJkSaiyq6AhwXXaE.jpg_220x220.jpg
32457370321,False,RU,100,"Отличная заколка, застёжка не знаю как правильно. Ребёнку понравилось крутим на голове бублик. Спасибо. ",M,https://ae01.alicdn.com/kf/UT8Fw9qXp8bXXagOFbXx.jpg_220x220.jpg,743006716,S****y K.,12 May 2018,https://ae01.alicdn.com/kf/UTB8MWTXzarFXKJk43Ovq6ybnpXaB.jpg,SunYou Economic Air Mail,Color:15cm beige ,https://ae01.alicdn.com/kf/UTB8MWTXzarFXKJk43Ovq6ybnpXaB.jpg_220x220.jpg
32457370321,False,RU,100,заколка шла пешком из Латвии. качество соотвествует заявленному. спасибо.,F,https://ae01.alicdn.com/kf/UT8f2qgXV8aXXagOFbXg.jpg_220x220.jpg,735771353,K****a K.,13 May 2018,https://ae01.alicdn.com/kf/UTB8pWkLeJnJXKJkSaiyq6AhwXXal.jpg,AliExpress Saver Shipping,Color:15cm golden ,https://ae01.alicdn.com/kf/UTB8pWkLeJnJXKJkSaiyq6AhwXXal.jpg_220x220.jpg
32457370321,False,RU,100,Заказывала coffee 15 см окозалось маленьким для моих обьемных длинных волос...(( покуйте больше у кого волосы до спины,F,https://ae01.alicdn.com/kf/UTB84XSitmnEXKJk43Ubq6zLppXaU.jpg_220x220.jpg,188448299,М*****т А.,12 May 2018,https://ae01.alicdn.com/kf/UTB8FXvXzhHEXKJk43Jeq6yeeXXaV.jpg,SunYou Economic Air Mail,Color:15cm coffee ,https://ae01.alicdn.com/kf/UTB8FXvXzhHEXKJk43Jeq6yeeXXaV.jpg_220x220.jpg
32457370321,False,RU,100,Ну уж ооочень долго шёл. а так все супер. рекомендую!.,F,https://ae01.alicdn.com/kf/UTB8QbT0Xn_IXKJkSalUq6yBzVXaE.jpg_220x220.jpg,888848646,Y***a B.,02 Jul 2018,https://ae01.alicdn.com/kf/UTB8hxSKgT_IXKJkSalUq6yBzVXa5.jpg,SunYou Economic Air Mail,Color:15cm beige ,https://ae01.alicdn.com/kf/UTB8hxSKgT_IXKJkSalUq6yBzVXa5.jpg_220x220.jpg
32457370321,False,KZ,80,"Очень удобные штучки,чтобы поддержать волосы(хвост).Только я ещё резинку для волос пришью,чтоб лучше держался хвост.Нужно подбирать под цвет волос.В наборе 2 штуки за 1,6$.Это супер.",,https://ae01.alicdn.com/kf/UT8UW2fXPRaXXagOFbXN.jpg_220x220.jpg,834529398,R****************a R.,12 May 2018,https://ae01.alicdn.com/kf/UTB8oK5VzarFXKJk43Ovq6ybnpXay.jpg,China Post Ordinary Small Packet Plus,Color:21cm black ,https://ae01.alicdn.com/kf/UTB8oK5VzarFXKJk43Ovq6ybnpXay.jpg_220x220.jpg
32457370321,False,RU,100,заколки шли без недели два месяца. кинули а почтовый ящик. отслеживались только по Китаю. крутят хорошо и держат плотно. размер 21 и 24.5 разницы никакой. почти одинаково.,F,https://gw.alicdn.com/tps/TB1zA01LXXXXXc0XFXXXXXXXXXX-240-240.png,160874246,I**a S.,10 Apr 2018,https://ae01.alicdn.com/kf/UTB8AU5XxdoSdeJk43Owq6ya4XXaa.jpg,China Post Ordinary Small Packet Plus,Color:21cm dark coffee ,https://ae01.alicdn.com/kf/UTB8AU5XxdoSdeJk43Owq6ya4XXaa.jpg_220x220.jpg
32457370321,False,RU,100,"Заказала 16.02, получила 27.04. Доставка долгая. Трек не отслеживается. Товар хороший.",M,https://gw.alicdn.com/tps/TB1CjX4LXXXXXbSXFXXXXXXXXXX-240-240.png,739690534,Y***i P.,28 Apr 2018,,China Post Ordinary Small Packet Plus,Color:21cm medium coffee ,
32457370321,False,RU,100,Хорошая заколка. Пришла без повреждений. Выглядит хорошо. Пользоваться пока не получается,F,https://ae01.alicdn.com/kf/UT8Qr6KXwxXXXagOFbX1.jpg_220x220.jpg,731392165,A*******a S.,24 Apr 2018,https://ae01.alicdn.com/kf/UTB8_bA4xiaMiuJk43PTq6ySmXXaQ.jpg,AliExpress Saver Shipping,Color:21cm beige ,https://ae01.alicdn.com/kf/UTB8_bA4xiaMiuJk43PTq6ySmXXaQ.jpg_220x220.jpg
32457370321,False,RU,100,"отличная вещь,за месяц примерно доставили до нас, Хорошо держит волосы, но самой мне сложно на длинные волосы ее закрутить, наверно я просто рукожоп...",F,https://ae01.alicdn.com/kf/UT8yva8XNRaXXagOFbXZ.jpg_220x220.jpg,167309532,M****a B.,02 Apr 2018,https://ae01.alicdn.com/kf/UTB8WuWkxiDEXKJk43Oqq6Az3XXa5.jpg,China Post Ordinary Small Packet Plus,Color:24.5cm A ,https://ae01.alicdn.com/kf/UTB8WuWkxiDEXKJk43Oqq6Az3XXa5.jpg_220x220.jpg
32457370321,False,RU,100,"25.02 заказала, получила 18.05. доставка не то что черепахами...улитками. если честно, то уже и не ждала, собиралась спор открыть, но...о чудо!!! заказ пришёл! соответствует фото. я довольна! и мне и дочурке подойдёт!",F,https://ae01.alicdn.com/kf/UTB8YA0parnJXKJkSahGq6xhzFXaB.jpg_220x220.jpg,143569069,G******a I.,18 May 2018,https://ae01.alicdn.com/kf/UTB8WntGzCnEXKJk43Ubq6zLppXad.jpg,China Post Registered Air Mail,Color:15cm beige ,https://ae01.alicdn.com/kf/UTB8WntGzCnEXKJk43Ubq6zLppXad.jpg_220x220.jpg
32457370321,False,RU,100,"Описанию продавца соответствует. в деле пока не пробовали. доставка очень долгая, до Москвы шло 3 месяца!!!",F,https://ae01.alicdn.com/kf/UT8dshrXVpXXXagOFbXS.jpg_220x220.jpg,720122459,M****a V.,15 May 2018,https://ae01.alicdn.com/kf/UTB8FpUtzXfFXKJk43Otq6xIPFXax.jpg,China Post Ordinary Small Packet Plus,Color:21cm dark coffee ,https://ae01.alicdn.com/kf/UTB8FpUtzXfFXKJk43Otq6xIPFXax.jpg_220x220.jpg
32457370321,False,RU,100,ещё не пробовала. трек не отслеживается. что очень огорчило.,F,https://ae01.alicdn.com/kf/UTB8L4X1n0oSdeJk43Owq6ya4XXaS.jpg_220x220.jpg,702018212,I***a S.,14 May 2018,https://ae01.alicdn.com/kf/UTB83n8ne_zIXKJkSafVq6yWgXXaK.jpg,China Post Ordinary Small Packet Plus,Color:15cm golden ,https://ae01.alicdn.com/kf/UTB83n8ne_zIXKJkSafVq6yWgXXaK.jpg_220x220.jpg
32457370321,False,RU,100,"Доставка очень долгая, около 2-х месяцев в МО. Не отслеживалась. Брала для дочки для длинных волос, длина заколки самой полошла. Цвет хороший, как натуральный. Складывается только в одном направлении, поэтому сложновато остановить именно в нужном направлении. В общем надо приноровиться, но держит крепко.",F,https://gw.alicdn.com/tps/TB1zA01LXXXXXc0XFXXXXXXXXXX-240-240.png,718332165,O**a D.,18 Apr 2018,https://ae01.alicdn.com/kf/UTB8SCrnw._4iuJk43Fqq6z.FpXa5.jpg,China Post Ordinary Small Packet Plus,Color:21cm golden ,https://ae01.alicdn.com/kf/UTB8SCrnw._4iuJk43Fqq6z.FpXa5.jpg_220x220.jpg
32457370321,False,RU,100,"Заказ шёл в Санкт-Петербург 1,5 месяца, отслеживался лишь в Китае, получала на почте.
Лента упакована в пупырку и полиэтилен, доехала целая. Заказом ОЧЕНЬ довольна! Лента такая прочная и так сильно закручивается, что надо беречь пальцы 
цвет попал в тон моих волос идеально. Волосы не длинные, рваный каскад до плеч, но держится идеально, не сделает даже с них.
Товар однозначно из категории маст хэв!                 ",F,https://ae01.alicdn.com/kf/UTB8SgmXvU_4iuJk43Fqq6z.FpXa7.jpg_220x220.jpg,861994283,B********a G.,04 Apr 2018,https://ae01.alicdn.com/kf/UTB8qyRiw8ahduJk43Jaq6zM8FXag.jpg,China Post Ordinary Small Packet Plus,Color:21cm dark coffee ,https://ae01.alicdn.com/kf/UTB8qyRiw8ahduJk43Jaq6zM8FXag.jpg_220x220.jpg
32457370321,False,RU,100,"До Алтайского края пришло за 2 месяца. Посылка не отслеживалась. Кинули в почтовый ящик. Брала за 35,93 руб.",F,https://ae01.alicdn.com/kf/UT8YD5qXw4XXXagOFbXM.jpg_220x220.jpg,734396686,O****a R.,16 May 2018,https://ae01.alicdn.com/kf/UTB8Uy71zXfFXKJk43Otq6xIPFXaJ.jpg,SunYou Economic Air Mail,Color:15cm golden ,https://ae01.alicdn.com/kf/UTB8Uy71zXfFXKJk43Otq6xIPFXaJ.jpg_220x220.jpg
32457370321,False,RU,100,"Посылка пришла в течении 57дней, долго почти 2 месяца. Заказала 16 марта пришла 10 мая 2018. Заколка красивая, сделана, на вид хорошо. Брала себе, цвет кофе, на  длинные волосы, хотя можно было брать и потемнее,, но под волосами её видно не будет. Посмотрим, что получится, попробую разные варианты причёсок. Продавцу спасибо большое! Рекомендую!",F,https://ae01.alicdn.com/kf/UTB88ZAWxE_4iuJk43Fqq6z.FpXaj.jpg_220x220.jpg,900475474,K******a L.,13 May 2018,https://ae01.alicdn.com/kf/UTB8IesQeHPJXKJkSafSq6yqUXXay.jpg,China Post Ordinary Small Packet Plus,Color:15cm coffee ,https://ae01.alicdn.com/kf/UTB8IesQeHPJXKJkSafSq6yqUXXay.jpg_220x220.jpg
32457370321,False,NL,100,Heel handig om een knot te maken ,,,920781878,Nl S.,11 Sep 2018,,China Post Ordinary Small Packet Plus,Color:21cm light coffee ,
32457370321,True,RU,80,"Заколка состоит из 2частей,связанных между собой,легко скручивается и фиксируется.На волосах держится слабо,нужен оочень густой волос.",F,,,AliExpress Shopper,15 Jun 2018,https://ae01.alicdn.com/kf/UTB8szycAdoSdeJk43Owq6ya4XXah.jpg,China Post Ordinary Small Packet Plus,Color:21cm black ,https://ae01.alicdn.com/kf/UTB8szycAdoSdeJk43Owq6ya4XXah.jpg_220x220.jpg
32457370321,False,RU,100,"шло 1.5 месяца. пока шло,я подстриглась под карэ) так что даже не знаю,нужна ли она мне теперь...попробую. А так норм",F,https://gw.alicdn.com/tps/TB1zA01LXXXXXc0XFXXXXXXXXXX-240-240.png,900798226,A***a B.,18 Apr 2018,https://ae01.alicdn.com/kf/UTB8TkSuxWrFXKJk43Ovq6ybnpXal.jpg,China Post Ordinary Small Packet Plus,Color:24.5cm A ,https://ae01.alicdn.com/kf/UTB8TkSuxWrFXKJk43Ovq6ybnpXal.jpg_220x220.jpg
32457370321,False,RU,100,"Здорово, как в 90х было! Мне понравилось! Продавца рекомендую!",F,https://ae01.alicdn.com/kf/UTB8SfZdmmnEXKJk43Ubq6zLppXaB.jpg_220x220.jpg,754786020,E*****a A.,04 Jun 2018,https://ae01.alicdn.com/kf/UTB8aMj3fSbIXKJkSaefq6yasXXaY.jpg,SunYou Economic Air Mail,Color:21cm golden ,https://ae01.alicdn.com/kf/UTB8aMj3fSbIXKJkSaefq6yasXXaY.jpg_220x220.jpg
32457370321,False,RU,100,"Симпатичные штучки, почти под цвет моих волос.",F,https://ae01.alicdn.com/kf/UT8Y3o_XutaXXagOFbXJ.jpg_220x220.jpg,167814613,A*a T.,10 Sep 2018,,Cainiao Super Economy,Color:21cm light coffee ,
32457370321,False,RU,100,"доставка месяц. сделано всё качественно, рекомендую",F,https://gw.alicdn.com/tps/TB1zA01LXXXXXc0XFXXXXXXXXXX-240-240.png,874546606,A**a G.,08 Apr 2018,https://ae01.alicdn.com/kf/UTB88KrRw3QydeJk43PUq6AyQpXaF.jpg,China Post Ordinary Small Packet Plus,Color:21cm golden ,https://ae01.alicdn.com/kf/UTB88KrRw3QydeJk43PUq6AyQpXaF.jpg_220x220.jpg
32457370321,False,RU,100,"клевая штучка , очень понравилась мне",F,https://ae01.alicdn.com/kf/UTB8J5SQpFfFXKJk43Otq6xIPFXaX.jpg_220x220.jpg,1665620604,K*************s K.,11 Sep 2018,,Cainiao Super Economy,Color:24.5cm E ,
32457370321,False,SK,100,,F,https://ae01.alicdn.com/kf/UTB8kZUzwMQydeJk43PUq6AyQpXaM.jpg_220x220.jpg,1748181160,K******a K.,10 Sep 2018,,China Post Ordinary Small Packet Plus,Color:15cm golden ,
32457370321,False,RU,100,"пользуюсь хеагами очень давно, свои сломались после 10 лет пользования, давно искала похожее изделие, но попадались очень плохого качества. Найдя на алиэкспресс очень обрадовалась, но опасалась качества. К моей большой радости заколки оказались очень качественные. Заказом более чем давольна. Рекомендую магазин, товар, продавца.",F,https://ae01.alicdn.com/kf/UT869duXHlXXXagOFbXT.jpg_220x220.jpg,801700270,Y**a N.,29 Mar 2018,https://ae01.alicdn.com/kf/UTB8fVeLwVfFXKJk43Otq6xIPFXaE.jpg,China Post Registered Air Mail,Color:21cm dark coffee ,https://ae01.alicdn.com/kf/UTB8fVeLwVfFXKJk43Otq6xIPFXaE.jpg_220x220.jpg
32457370321,False,RU,100,"Прикольная заколка! Всё работает. Если сдавить по краям, тут же выпрямляется. Но, действительно, надо приноровиться. Тренировалась на дочке, вот результат на фото.",F,https://ae01.alicdn.com/kf/UTB8PU9UjVfFXKJk43Otq6xIPFXaQ.jpg_220x220.jpg,844564501,A R.,26 May 2018,https://ae01.alicdn.com/kf/UTB8XAQNfn_IXKJkSalUq6yBzVXad.jpg,China Post Ordinary Small Packet Plus,Color:21cm light coffee ,https://ae01.alicdn.com/kf/UTB8XAQNfn_IXKJkSalUq6yBzVXad.jpg_220x220.jpg
32457370321,False,RU,100,"Товар шёл долго не отслеживался. Заказывала 24.5 см. Заколка довольно длинная, надеюсь мои длинные волосы выдержит. На вид довольно прочная, не пахнет. По размеру точно подойдёт.",,https://ae01.alicdn.com/kf/UTB8ZA42viDEXKJk43Oqq6Az3XXaL.jpg_220x220.jpg,732174877,A***a B.,09 May 2018,https://ae01.alicdn.com/kf/UTB8TcxzyiaMiuJk43PTq6ySmXXa7.jpg,China Post Ordinary Small Packet Plus,Color:24.5cm E ,https://ae01.alicdn.com/kf/UTB8TcxzyiaMiuJk43PTq6ySmXXa7.jpg_220x220.jpg
32457370321,False,RU,100,"Доставка меньше месяца. Запакован в простой пакет, но зажим пришёл в идеальном состоянии. Выглядит очень красиво, сделан качественно, волосы держит крепко, только надо приноровиться его правильно накручивать. Покупкой очень довольна. Зажим и продавца рекомендую!",F,https://ae01.alicdn.com/kf/UTB8ctc9wVfFXKJk43Otq6xIPFXah.jpg_220x220.jpg,810335023,E*******a S.,27 Jun 2018,https://ae01.alicdn.com/kf/UTB8Vy3zgwnJXKJkSaelq6xUzXXav.jpg,SunYou Economic Air Mail,Color:21cm medium coffee ,https://ae01.alicdn.com/kf/UTB8Vy3zgwnJXKJkSaelq6xUzXXav.jpg_220x220.jpg
32457370321,False,RU,100,"Товаром довольна. Доставка месяц. Спасибо продавцу, всё супер!!",F,https://ae01.alicdn.com/kf/UTB8H3g7ktoSdeJk43Owq6ya4XXaJ.jpg_220x220.jpg,825393602,O**************9 O.,29 Jul 2018,https://ae01.alicdn.com/kf/UTB8i8enBBahduJk43Jaq6zM8FXaV.jpg,SunYou Economic Air Mail,Color:21cm light coffee ,https://ae01.alicdn.com/kf/UTB8i8enBBahduJk43Jaq6zM8FXaV.jpg_220x220.jpg
32457370321,False,RU,100,"Соответствует описанию, рогулька получается, нужно приноровиться. Сгибается резко)) до Самары месяц с небольшим, неотслеживалось. Продавцу спасибо!!!",F,https://ae01.alicdn.com/kf/UTB8nMxiwBahduJk43Jaq6zM8FXah.jpg_220x220.jpg,1718084346,E*******a S.,22 Apr 2018,https://ae01.alicdn.com/kf/UTB8jZqUxiaMiuJk43PTq6ySmXXab.jpg,China Post Ordinary Small Packet Plus,Color:21cm dark coffee ,https://ae01.alicdn.com/kf/UTB8jZqUxiaMiuJk43PTq6ySmXXab.jpg_220x220.jpg
32457370321,False,RU,100,"Заколка просто супер, брала у подруги и заказала сама, не пожалела. Спасибо большое поставщику.",F,https://ae01.alicdn.com/kf/UTB8qzAyBFfFXKJk43Otq6xIPFXa1.jpg_220x220.jpg,754059981,V*******a S.,29 May 2018,https://ae01.alicdn.com/kf/UTB8iZjvfD_IXKJkSalUq6yBzVXa9.jpg,China Post Ordinary Small Packet Plus,Color:24.5cm E ,https://ae01.alicdn.com/kf/UTB8iZjvfD_IXKJkSalUq6yBzVXa9.jpg_220x220.jpg
32457370321,False,RU,100,"Получила заказ для подруги. Это повязка для укладки причёски, все отлично. Спасибо продавцу.",F,https://ae01.alicdn.com/kf/UTB8UifHBJoSdeJk43Owq6ya4XXaJ.jpg_220x220.jpg,758039921,M**a D.,03 May 2018,https://ae01.alicdn.com/kf/UTB8EVVnywQydeJk43PUq6AyQpXar.jpg,SunYou Economic Air Mail,Color:24.5cm E ,https://ae01.alicdn.com/kf/UTB8EVVnywQydeJk43PUq6AyQpXar.jpg_220x220.jpg
32457370321,False,RU,100,"Заказ был сделан 19.03 , получила его 11.04.
Заказом очень довольна.Посылка пришла не поврежденной , всё целое.Зажим очень сильный.Магазин мне очень понравился , буду ещё выписывать товар.
Всем удачи в ваших покупках.
Магазину и продавцу процветания.",F,https://ae01.alicdn.com/kf/UTB8ACO6hiaMiuJk43PTq6ySmXXaR.jpg_220x220.jpg,182163710,V*******a B.,12 Apr 2018,https://ae01.alicdn.com/kf/UTB8fimswOaMiuJk43PTq6ySmXXax.jpg,China Post Registered Air Mail,Color:21cm dark coffee ,https://ae01.alicdn.com/kf/UTB8fimswOaMiuJk43PTq6ySmXXax.jpg_220x220.jpg
32457370321,False,RU,100,"Дошло быстро,вещица хорошая осталось только научиться ею пользоваться.
Спасибо продавцу",,https://ae01.alicdn.com/kf/UTB84m14wwQydeJk43PUq6AyQpXaf.jpg_220x220.jpg,752368387,B****n H.,30 Apr 2018,https://ae01.alicdn.com/kf/UTB8_9NXyODEXKJk43Oqq6Az3XXa8.jpg,China Post Registered Air Mail,Color:15cm beige ,https://ae01.alicdn.com/kf/UTB8_9NXyODEXKJk43Oqq6Az3XXa8.jpg_220x220.jpg
32457370321,False,RU,80,"Получили посылку. Упаковано хорошо, все пришло в порядке. Сам товар понравился. Продавец отправил быстро. Вообщем супер.",,,704924883,E******a P.,25 Mar 2018,,China Post Ordinary Small Packet Plus,Color:21cm golden ,
32457370321,False,RU,100,"шла походу пешком 107 дней до МО,отслеживалась только по Китаю , упаковано в пакет с пупыркой, в деле пока не пробовала.",F,https://gw.alicdn.com/tps/TB1zA01LXXXXXc0XFXXXXXXXXXX-240-240.png,166865812,E***a E.,19 Jun 2018,https://ae01.alicdn.com/kf/UTB8T7r1gbnJXKJkSahGq6xhzFXab.jpg,China Post Ordinary Small Packet Plus,Color:24.5cm D ,https://ae01.alicdn.com/kf/UTB8T7r1gbnJXKJkSahGq6xhzFXab.jpg_220x220.jpg
32457370321,False,RU,100,"шло долго 6,5 недель. на деле не пробовала, но качество хорошее",,,188573050,L******a E.,25 Apr 2018,https://ae01.alicdn.com/kf/UTB8pwJsypfFXKJk43Otq6xIPFXav.jpg,China Post Ordinary Small Packet Plus,Color:21cm light coffee ,https://ae01.alicdn.com/kf/UTB8pwJsypfFXKJk43Otq6xIPFXav.jpg_220x220.jpg
32457370321,False,DE,100,"Получилось сделать гульку. Снять тяжелее. Чтобы завернуть волосы : сначала нужно разогнуть заколку в ровную линию как линейка и услышать щелчок, тогда зажать двумя половинами волосы и накрутить как на плойку, и согнуть эту линейку а дальше она упруго сама свернется в калачик . Дочке на балет отлично держится. Рекомендую ",M,https://gw.alicdn.com/tps/TB1CjX4LXXXXXbSXFXXXXXXXXXX-240-240.png,725931564,A*******r A.,19 Apr 2018,https://ae01.alicdn.com/kf/UTB8GvnNxWrFXKJk43Ovq6ybnpXaG.jpg,Yanwen Economic Air Mail,Color:21cm light coffee ,https://ae01.alicdn.com/kf/UTB8GvnNxWrFXKJk43Ovq6ybnpXaG.jpg_220x220.jpg
32457370321,False,IT,100,Very beautiful and just like photo thank you dear seller,F,https://ae01.alicdn.com/kf/UTB8wj3IoiaMiuJk43PTq6ySmXXav.jpg_220x220.jpg,1657413433,M***e S.,24 Apr 2018,https://ae01.alicdn.com/kf/UTB8m_ZiymnEXKJk43Ubq6zLppXak.jpg,China Post Ordinary Small Packet Plus,Color:21cm black ,https://ae01.alicdn.com/kf/UTB8m_ZiymnEXKJk43Ubq6zLppXak.jpg_220x220.jpg
32457370321,False,RU,100,"Сложновато приноровиться, но я думаю со временем полажу с ним. С мягким конечно удобней и быстрей, я думаю.",F,https://ae01.alicdn.com/kf/UTB8BoK0cBahduJk43Jaq6zM8FXa5.jpg_220x220.jpg,706998993,S******a K.,06 May 2018,https://ae01.alicdn.com/kf/UTB82n6AywQydeJk43PUq6AyQpXax.jpg,China Post Ordinary Small Packet Plus,Color:21cm dark coffee ,https://ae01.alicdn.com/kf/UTB82n6AywQydeJk43PUq6AyQpXax.jpg_220x220.jpg
32457370321,False,RU,80,"Заказ шёл очень долго, я даже спрашивала продавца не потерялась ли моя неотслеживаемая заколка. Но она пришла. Объективно, снижать оценку меньше 4 звёзд причин нет, но я ожидала немного другого. Во-первых, эта штука загибается только в одну сторону и я не знаю как подгадать при накручивании волос, чтоб она согнулась туда, куда надо. Во-вторых, я не думала, что она раскладывается, я предполагала что она с двух сторон закреплена и волосы вставляются в щель, закручиваются и сворачиваются в пучок, но нет. Когда накручиваешь волосы, посередине идёт натяг, а по бокам они петушатся и вываливаются. Короче, описание верно и продавец молодец, поэтому 4 звезды, но по факту я не могу пользоваться этой вещью, расстроена и просто выбросила эти 45 рублей. Так что решайте сами.",F,https://ae01.alicdn.com/kf/UTB8PafAu4HEXKJk43Jeq6yeeXXaw.jpg_220x220.jpg,1654327074,E*a M.,16 May 2018,https://ae01.alicdn.com/kf/UTB8wgULzarFXKJk43Ovq6ybnpXau.jpg,China Post Ordinary Small Packet Plus,Color:21cm medium coffee ,https://ae01.alicdn.com/kf/UTB8wgULzarFXKJk43Ovq6ybnpXau.jpg_220x220.jpg
32457370321,False,RU,100,"Хороший Твистер. Волосы держит хорошо. И не большой, как и хотелось. Шёл долговато, но главное пришёл.",F,https://ae01.alicdn.com/kf/UT8R9dvX.tXXXagOFbXg.jpg_220x220.jpg,707936039,E*******a D.,21 Apr 2018,https://ae01.alicdn.com/kf/UTB87q6gxRahduJk43Jaq6zM8FXa5.jpg,SunYou Economic Air Mail,Color:15cm coffee ,https://ae01.alicdn.com/kf/UTB87q6gxRahduJk43Jaq6zM8FXa5.jpg_220x220.jpg
32457370321,False,RU,100,спасибо за товар очень понравился. получила через 1.5 месяца.всё дошло хорошо. магазин и продавца рекомендую.,,,905679436,N****i S.,06 Apr 2018,https://ae01.alicdn.com/kf/UTB8l9cPxhHEXKJk43Jeq6yeeXXad.jpg,China Post Ordinary Small Packet Plus,Color:21cm light coffee ,https://ae01.alicdn.com/kf/UTB8l9cPxhHEXKJk43Jeq6yeeXXad.jpg_220x220.jpg
32457370321,False,RU,100,"Хотела уже спор открывать, но наконец дождалась этих заколок. В отслеживании неправильно отображалось что заказ выполнен уже через 2 недели после оформления. На желе же Доставка до МО заняла 2 месяца. Сами заколки нормальные. Держат волосы хорошо",F,https://ae01.alicdn.com/kf/UTB8uaIdkyDEXKJk43Oqq6Az3XXaP.jpg_220x220.jpg,897123988,M****a S.,23 Apr 2018,https://ae01.alicdn.com/kf/UTB8lG.1xJoSdeJk43Owq6ya4XXaW.jpg,China Post Ordinary Small Packet Plus,Color:21cm dark coffee ,https://ae01.alicdn.com/kf/UTB8lG.1xJoSdeJk43Owq6ya4XXaW.jpg_220x220.jpg
32457370321,False,ES,80,"Perfecto, igual que en imagen.  Tardó mucho en llegar, más de 1 mes.",,,191405543,J***s F.,10 Apr 2018,https://ae01.alicdn.com/kf/UTB8yUZswE_4iuJk43Fqq6z.FpXa3.jpg,Correos Economy,Color:15cm coffee ,https://ae01.alicdn.com/kf/UTB8yUZswE_4iuJk43Fqq6z.FpXa3.jpg_220x220.jpg
32457370321,False,RU,100,"заказала 16 февраля.30 марта получила в спб.прикольная штучка.пока не пробовала.попробую , скину фото. спасибо",F,https://ae01.alicdn.com/kf/UTB8JbKEt8ahduJk43Jaq6zM8FXav.jpg_220x220.jpg,810051082,N**a N.,30 Mar 2018,https://ae01.alicdn.com/kf/UTB8eT4CwJoSdeJk43Owq6ya4XXag.jpg,China Post Ordinary Small Packet Plus,Color:24.5cm E ,https://ae01.alicdn.com/kf/UTB8eT4CwJoSdeJk43Owq6ya4XXag.jpg_220x220.jpg
32457370321,False,BR,100,"produto muito bom, de qualidade, chegou antes do prazo, muito satisfeita. Recomendo",F,https://ae01.alicdn.com/kf/UTB8LG9_zFfFXKJk43Otq6xIPFXa7.jpg_220x220.jpg,896688015,X*****e M.,18 May 2018,https://ae01.alicdn.com/kf/UTB8DZX3zpfFXKJk43Otq6xIPFXax.jpg,China Post Registered Air Mail,Color:21cm black ,https://ae01.alicdn.com/kf/UTB8DZX3zpfFXKJk43Otq6xIPFXax.jpg_220x220.jpg
32457370321,False,RU,100,"В деле не пробовала еще, но скручиватся ткго. Должна пусек держать.  Шла долго- 2 месяца
Продлевала срок доставки.",F,https://ae01.alicdn.com/kf/UTB8chzxcD_IXKJkSalUq6yBzVXaL.jpg_220x220.jpg,761261784,E***a Y.,26 May 2018,https://ae01.alicdn.com/kf/UTB8Fr73fgnJXKJkSaelq6xUzXXaW.jpg,China Post Ordinary Small Packet Plus,Color:21cm golden ,https://ae01.alicdn.com/kf/UTB8Fr73fgnJXKJkSaelq6xUzXXaW.jpg_220x220.jpg
32457370321,False,RU,80,"Все пришло на почту мелкий пакет, все хорошо, долгая доставка",F,https://ae01.alicdn.com/kf/UTB8IKexppfFXKJk43Otq6xIPFXax.jpg_220x220.jpg,1653844769,Ru M.,29 May 2018,https://ae01.alicdn.com/kf/UTB8dZTjfrnJXKJkSahGq6xhzFXa6.jpg,SunYou Economic Air Mail,Color:15cm golden ,https://ae01.alicdn.com/kf/UTB8dZTjfrnJXKJkSahGq6xhzFXa6.jpg_220x220.jpg
32457370321,False,RU,100,"Спасибо, описание точное, качество хорошее) рекомендую ",F,https://gw.alicdn.com/tps/TB1zA01LXXXXXc0XFXXXXXXXXXX-240-240.png,751197121,K****y A.,25 May 2018,https://ae01.alicdn.com/kf/UTB8Gr6SfgnJXKJkSaelq6xUzXXaj.jpg,China Post Ordinary Small Packet Plus,Color:21cm dark coffee ,https://ae01.alicdn.com/kf/UTB8Gr6SfgnJXKJkSaelq6xUzXXaj.jpg_220x220.jpg
32457370321,False,RU,100,"Крепкая, пластина тугая. Идеальна на густые длинные волосы.",F,https://ae01.alicdn.com/kf/UTB8v3adh22JXKJkSanrq6y3lVXap.jpg_220x220.jpg,833270260,A**************a A.,20 Apr 2018,https://ae01.alicdn.com/kf/UTB8yFUJxWrFXKJk43Ovq6ybnpXaV.jpg,China Post Ordinary Small Packet Plus,Color:24.5cm D ,https://ae01.alicdn.com/kf/UTB8yFUJxWrFXKJk43Ovq6ybnpXaV.jpg_220x220.jpg
32457370321,False,IS,100,zgodne z opisem . Bardzo mocny skręt Rega pałąka zobaczymy jak się będzie trzymał.,,https://ae01.alicdn.com/kf/UTB8cztnhYPJXKJkSafSq6yqUXXa4.jpg_220x220.jpg,767504743,M********a K.,02 May 2018,https://ae01.alicdn.com/kf/UTB8N3koygQydeJk43PUq6AyQpXab.jpg,China Post Ordinary Small Packet Plus,Color:24.5cm D ,https://ae01.alicdn.com/kf/UTB8N3koygQydeJk43PUq6AyQpXab.jpg_220x220.jpg
32457370321,False,RU,100,"Смотрите подробный отзыв с инструкцией в моем блоге на ITAO: https://ru.itao.com/u/979674848
Доставка 1,5 или 2 месяца, не отслеживалась по РФ",,,900933470,K******a G.,08 Jun 2018,https://ae01.alicdn.com/kf/UTB8ydHFf1vJXKJkSajhq6A7aFXaE.jpg,SunYou Economic Air Mail,Color:15cm golden ,https://ae01.alicdn.com/kf/UTB8ydHFf1vJXKJkSajhq6A7aFXaE.jpg_220x220.jpg
32457370321,False,RU,100,"Шло 2 месяца.Штучка прикольная,но никак не могу приловчиться ей пользоваться.Нужен опыт,буду стараться.Спасибо продавцу,товар  рекомендую.",M,https://ae01.alicdn.com/kf/UTB8qSEqr._4iuJk43Fqq6z.FpXa4.jpg_220x220.jpg,1691095111,B***k C.,19 Apr 2018,https://ae01.alicdn.com/kf/UTB8zeDKxVfFXKJk43Otq6xIPFXaG.jpg,SunYou Economic Air Mail,Color:15cm beige ,https://ae01.alicdn.com/kf/UTB8zeDKxVfFXKJk43Otq6xIPFXaG.jpg_220x220.jpg
32457370321,False,RU,100,ручек сделать с первого раза не получилось. буду тренироваться.,F,https://ae01.alicdn.com/kf/UT8b0vkXVhbXXagOFbXU.jpg_220x220.jpg,163724911,V*******a M.,06 May 2018,https://ae01.alicdn.com/kf/UTB8dpNByWrFXKJk43Ovq6ybnpXa6.jpg,China Post Ordinary Small Packet Plus,Color:21cm light coffee ,https://ae01.alicdn.com/kf/UTB8dpNByWrFXKJk43Ovq6ybnpXa6.jpg_220x220.jpg
32457370321,False,RU,100,"Трек не отслеживался, но всё пришло! Заколки просто огонь! Крепкие, красивые и аккуратно сделанные! Держатся очень хорошо! Всем рекомендую ",F,https://ae01.alicdn.com/kf/UTB89b9PzyaMiuJk43PTq6ySmXXaQ.jpg_220x220.jpg,1611964030,E*******a Y.,06 Jul 2018,https://ae01.alicdn.com/kf/UTB8Ta7LgL2JXKJkSanrq6y3lVXaG.jpg,SunYou Economic Air Mail,Color:21cm golden ,https://ae01.alicdn.com/kf/UTB8Ta7LgL2JXKJkSanrq6y3lVXaG.jpg_220x220.jpg
32457370321,False,KG,100,"Товаром довольна, качество  отличное, упаковковано хорошо  Продавец молодец, отправил сразу. Получила раньше  чем ожидала.  Наверное закажу  ещё         ",,,714918044,M****a S.,29 Mar 2018,https://ae01.alicdn.com/kf/UTB8qEoMwtoSdeJk43Owq6ya4XXaO.jpg,China Post Ordinary Small Packet Plus,Color:21cm dark coffee ,https://ae01.alicdn.com/kf/UTB8qEoMwtoSdeJk43Owq6ya4XXaO.jpg_220x220.jpg
32457370321,False,RU,100,"доставлен чуть больше месяца, трек не отслеживался, на деле ещё не пробовала",F,https://ae01.alicdn.com/kf/UTB8bJQIXv2JXKJkSanrq6y3lVXaN.jpg_220x220.jpg,176895107,N***a S.,20 Mar 2018,https://ae01.alicdn.com/kf/UTB8WCqCwxHEXKJk43Jeq6yeeXXau.jpg,SunYou Economic Air Mail,Color:15cm coffee ,https://ae01.alicdn.com/kf/UTB8WCqCwxHEXKJk43Jeq6yeeXXau.jpg_220x220.jpg
32457370321,False,RU,100,"Очень довольна, требуется сноровка)) как получится красиво, дополню отзыв причёской ⭐⭐⭐⭐⭐",F,https://ae01.alicdn.com/kf/UTB8qGLfd_zIXKJkSafVq6yWgXXaJ.jpg_220x220.jpg,875811839,E***a P.,18 Jun 2018,https://ae01.alicdn.com/kf/UTB8oSIWAyDEXKJk43Oqq6Az3XXat.jpg,SunYou Economic Air Mail,Color:24.5cm B ,https://ae01.alicdn.com/kf/UTB8oSIWAyDEXKJk43Oqq6Az3XXat.jpg_220x220.jpg
32457370321,False,RU,80,"штука хорошая,но нужно приноровится! и у кого ровные одной длины волосы.",F,https://ae01.alicdn.com/kf/UTB8drUFiL2JXKJkSanrq6y3lVXaD.jpg_220x220.jpg,710554131,L****v E.,04 May 2018,https://ae01.alicdn.com/kf/UTB8BrQAyGrFXKJk43Ovq6ybnpXa5.jpg,China Post Ordinary Small Packet Plus,Color:24.5cm D ,https://ae01.alicdn.com/kf/UTB8BrQAyGrFXKJk43Ovq6ybnpXa5.jpg_220x220.jpg
32457370321,False,RU,100,"Добрый день . Очень долгая доставка 30/03-17/06. По виду все норм , запаха нет . Звезды снимать не буду , так как продавец очень общителен и отправил мне заказ ещё раз . ",,,792291008,K****a C.,18 Jun 2018,https://ae01.alicdn.com/kf/UTB8XZPJgXPJXKJkSahVq6xyzFXaB.jpg,China Post Ordinary Small Packet Plus,Color:15cm golden ,https://ae01.alicdn.com/kf/UTB8XZPJgXPJXKJkSahVq6xyzFXaB.jpg_220x220.jpg
32457370321,False,AU,100,a little darker then the description but good quality.,F,https://ae01.alicdn.com/kf/UT8.1ZOXCNaXXagOFbXm.jpg_220x220.jpg,718515684,S*******e H.,22 Apr 2018,https://ae01.alicdn.com/kf/UTB86m1OyhHEXKJk43Jeq6yeeXXaz.jpg,China Post Ordinary Small Packet Plus,Color:21cm dark coffee ,https://ae01.alicdn.com/kf/UTB86m1OyhHEXKJk43Jeq6yeeXXaz.jpg_220x220.jpg
32457370321,False,RU,80,"Заказала 19 февраля, получила 31 марта. Вещь интересная, сделана качественно, но требует тренировки в использовании. У меня пока длины волос не хватает для красивой прически, будем растить) Продавцу спасибо.",F,https://gw.alicdn.com/tps/TB1zA01LXXXXXc0XFXXXXXXXXXX-240-240.png,706565580,E***a M.,31 Mar 2018,https://ae01.alicdn.com/kf/UTB8hUwGw9nEXKJk43Ubq6zLppXa4.jpg,SunYou Economic Air Mail,Color:15cm coffee ,https://ae01.alicdn.com/kf/UTB8hUwGw9nEXKJk43Ubq6zLppXa4.jpg_220x220.jpg
32457370321,False,RU,100,"Доставка долгая, около 2 месяцев. Полоска ширина 2,5 см, длина 21 см. Описанию соответствует. Скрученная, чтобы выпрямить, надо приложить усилие в конце зафиксировать, раздастся щелчок.  надо научиться пользоваться. Интересная вещь",,,788209969,K****e K.,19 Apr 2018,https://ae01.alicdn.com/kf/UTB8E4.qw._4iuJk43Fqq6z.FpXam.jpg,China Post Ordinary Small Packet Plus,Color:21cm light coffee ,https://ae01.alicdn.com/kf/UTB8E4.qw._4iuJk43Fqq6z.FpXam.jpg_220x220.jpg
32457370321,False,RU,100,"Шла, шла и наконец дошла. Бросили в ящик! 
На вид качество хорошее. Проверю на деле, и дополню отзыв.",F,https://ae01.alicdn.com/kf/UTB8uC_dxMQydeJk43PUq6AyQpXa9.jpg_220x220.jpg,1630185846,K******p K.,15 Jun 2018,https://ae01.alicdn.com/kf/UTB8e_OYgf2JXKJkSanrq6y3lVXa9.jpg,SunYou Economic Air Mail,Color:21cm golden ,https://ae01.alicdn.com/kf/UTB8e_OYgf2JXKJkSanrq6y3lVXa9.jpg_220x220.jpg
32457370321,False,RU,100,"До Краснодара посылка шла больше двух месяцев,только открыла спор и на след.день посылка пришла.Заколка классная,хорошо держит волос,но нужно приноровиться...Фото гули с первого раза.",F,https://ae01.alicdn.com/kf/UT8CGz5XpRaXXagOFbXG.jpg_220x220.jpg,719615502,K****a K.,25 May 2018,https://ae01.alicdn.com/kf/UTB8ZDp7zODEXKJk43Oqq6Az3XXaz.jpg,China Post Ordinary Small Packet Plus,Color:21cm dark coffee ,https://ae01.alicdn.com/kf/UTB8ZDp7zODEXKJk43Oqq6Az3XXaz.jpg_220x220.jpg
32457370321,True,EE,100,Very good quality than you so much!,,,,AliExpress Shopper,10 Sep 2018,,China Post Ordinary Small Packet Plus,Color:24.5cm B ,
32457370321,False,RU,100,"Заколка мне очень понравилась, волосы держит крепко, под волосами ее не видно. Вот такой пучок у меня получился с первого раза, волосы закручивала без резинки, гулька получается внизу, сделать ее высоко самой себе у меня не получается, хожу уже пол дня и на подушке лежала, ничего не выбивается, волосы средней длины и средней густоты. Надо будет еще с резинкой попробовать сделать хвост и потом накрутить заколкой чтобы шишка повыше получилась. Определенная сноровка все же нужна чтобы аккуратно получалось, но впринципе все довольно легко, я рукожоп по части причесок, но даже у меня с первого раза получилось весьма неплохо, я очень довольна этим заказом и его ценой, вещица качественная. Доставка почти два месяца в Приморский край, трек не отслеживается.",F,https://gw.alicdn.com/tps/TB1zA01LXXXXXc0XFXXXXXXXXXX-240-240.png,160583109,A**a U.,14 Apr 2018,https://ae01.alicdn.com/kf/UTB8cr_XxSnEXKJk43Ubq6zLppXaL.jpg,China Post Ordinary Small Packet Plus,Color:21cm dark coffee ,https://ae01.alicdn.com/kf/UTB8cr_XxSnEXKJk43Ubq6zLppXaL.jpg_220x220.jpg
32457370321,False,RU,100,"Заказ пришел бастро, товар отличный ) мне понравилось !",F,https://ae01.alicdn.com/kf/UT8XqL9XZ8bXXagOFbXW.jpg_220x220.jpg,802615977,S******a T.,01 Apr 2018,https://ae01.alicdn.com/kf/UTB8Ywg1w9nEXKJk43Ubq6zLppXaK.jpg,AliExpress Saver Shipping,Color:15cm coffee ,https://ae01.alicdn.com/kf/UTB8Ywg1w9nEXKJk43Ubq6zLppXaK.jpg_220x220.jpg
32457370321,False,RU,100,"Штука интересная,не понятная. Надо погуглить, как пользоваться. Цвет как хотела. Продавец хороший, на вопросы отвечает, я при заказе перепутала цвет, отправил по моей просьбе нужный. Сделана очень аккуратно, ничего нигде не торчит, очень упругая.. не хочет расставаться с формой баранки, которую имеет, поэтому не смогла сфотать в развёрнутом виде (да и просто растянуть- не легко)). Как говорится, « непонятно, но здорово». Буду пробовать. ",,https://ae01.alicdn.com/kf/UT8.1JEX1daXXagOFbXh.jpg_220x220.jpg,759318623,A****a V.,28 Mar 2018,https://ae01.alicdn.com/kf/UTB8z087w5DEXKJk43Oqq6Az3XXac.jpg,China Post Registered Air Mail,Color:21cm black ,https://ae01.alicdn.com/kf/UTB8z087w5DEXKJk43Oqq6Az3XXac.jpg_220x220.jpg
32457370321,False,RU,100,"Как на фото. Дошло за месяц или 1,5. На деле еще не пробовала, но выглядит хорошо и сгибается/скручивается)",F,https://ae01.alicdn.com/kf/UT8MwHwXPXXXXagOFbXL.jpg_220x220.jpg,791290160,V******a V.,23 Mar 2018,https://ae01.alicdn.com/kf/UTB8s5FFwFfFXKJk43Otq6xIPFXaO.jpg,China Post Ordinary Small Packet Plus,Color:21cm dark coffee ,https://ae01.alicdn.com/kf/UTB8s5FFwFfFXKJk43Otq6xIPFXaO.jpg_220x220.jpg
32457370321,False,RU,100,"Заколку получила. Всё отлично работает. Можно с резинкой, можно без. Пучек получается очень плотный. На мои волосы ( по лопатки) можно было и побольше взять. Спасибо за видео. очень помогло.",,https://ae01.alicdn.com/kf/UTB8r3fXtBahduJk43Jaq6zM8FXaj.jpg_220x220.jpg,705604778,A**a P.,21 Apr 2018,https://ae01.alicdn.com/kf/UTB8vhRnyarFXKJk43Ovq6ybnpXa2.jpg,China Post Ordinary Small Packet Plus,Color:21cm golden ,https://ae01.alicdn.com/kf/UTB8vhRnyarFXKJk43Ovq6ybnpXa2.jpg_220x220.jpg
32457370321,False,RU,60,"Обычно быстро приходит заказ.....а тут почти 2 месяца шла эта повязка!!!!капец!я даже забыла уже ,что заказывала.Очень тугая,невозможно разогнуть и как только разогнула она порвалась с одной стороны((((....,не очень вообщем(((",F,https://gw.alicdn.com/tps/TB1zA01LXXXXXc0XFXXXXXXXXXX-240-240.png,1613912879,Ru L.,22 May 2018,https://ae01.alicdn.com/kf/UTB8wV8ffbPJXKJkSafSq6yqUXXa6.jpg,China Post Ordinary Small Packet Plus,Color:21cm golden ,https://ae01.alicdn.com/kf/UTB8wV8ffbPJXKJkSafSq6yqUXXa6.jpg_220x220.jpg
32457370321,False,PT,100,I received my order last week. The quality looks good. The shipment was very fast. Thanks to the seller for delivery efficiency. Recommend,M,https://ae01.alicdn.com/kf/UT8G1kOXrBXXXagOFbXs.jpg_220x220.jpg,730060214,P***o C.,06 Jun 2018,https://ae01.alicdn.com/kf/UTB8T7xvf3nJXKJkSaelq6xUzXXaI.jpg,China Post Ordinary Small Packet Plus,Color:21cm light coffee ,https://ae01.alicdn.com/kf/UTB8T7xvf3nJXKJkSaelq6xUzXXaI.jpg_220x220.jpg
32457370321,False,RU,100,"Очень тугая,еле получается удерживать, держать должна хорошо! цвет достаточно естественный. Заказом довольна. До Мск 1,5 мес",F,https://ae01.alicdn.com/kf/UTB8haAIBSnEXKJk43Ubq6zLppXaR.jpg_220x220.jpg,861242256,Y***a K.,10 Apr 2018,https://ae01.alicdn.com/kf/UTB8ChFDxlahduJk43Jaq6zM8FXaj.jpg,SunYou Economic Air Mail,Color:15cm golden ,https://ae01.alicdn.com/kf/UTB8ChFDxlahduJk43Jaq6zM8FXaj.jpg_220x220.jpg
32457370321,False,RU,100,"товар понравился. товар состоит из 2 гибких пластин, скрепленых между собой лентой. я разрезать по соединению и у меня получилось 2-е самостоятельные пластины. на фото пучек из 1-ой пластины из тонких детских волос.

товаром довольна. продавца рекомендую.",F,https://gw.alicdn.com/tps/TB1zA01LXXXXXc0XFXXXXXXXXXX-240-240.png,812166347,V*******a D.,03 Apr 2018,https://ae01.alicdn.com/kf/UTB8tOiZxXfFXKJk43Otq6xIPFXam.jpg,SunYou Economic Air Mail,Color:15cm beige ,https://ae01.alicdn.com/kf/UTB8tOiZxXfFXKJk43Otq6xIPFXam.jpg_220x220.jpg
32457370321,False,RU,100,"Доставка долгая, до мо почти полтора месяца. Товар соответствует описанию. С продавцом не общались, но очень понравились заколочки.",,,1633095769,O**a K.,16 Apr 2018,https://ae01.alicdn.com/kf/UTB8tvknxODEXKJk43Oqq6Az3XXaz.jpg,AliExpress Saver Shipping,Color:21cm medium coffee ,https://ae01.alicdn.com/kf/UTB8tvknxODEXKJk43Oqq6Az3XXaz.jpg_220x220.jpg
32457370321,False,RU,100,Доставка меньше месяца. валик понравился. на длинный густые волосы пойдет. но нужна снаровка.,,https://ae01.alicdn.com/kf/UT831qBXppXXXagOFbXO.jpg_220x220.jpg,755020777,Y****a R.,19 Mar 2018,https://ae01.alicdn.com/kf/UTB8RYzMv8ahduJk43Jaq6zM8FXad.jpg,AliExpress Saver Shipping,Color:24.5cm D ,https://ae01.alicdn.com/kf/UTB8RYzMv8ahduJk43Jaq6zM8FXad.jpg_220x220.jpg
32457370321,False,RU,100,Рекомендую все как в описании в Дагестан пришло через месяц. Я очень довольна ,F,https://ae01.alicdn.com/kf/UT8urYfXC0XXXagOFbXx.jpg_220x220.jpg,699607746,A***a A.,04 May 2018,https://ae01.alicdn.com/kf/UTB8UwBlx._4iuJk43Fqq6z.FpXae.jpg,China Post Ordinary Small Packet Plus,Color:24.5cm D ,https://ae01.alicdn.com/kf/UTB8UwBlx._4iuJk43Fqq6z.FpXae.jpg_220x220.jpg
32457370321,False,RU,100,"товар шел почти  3 месяца, уже не ждала, но всё-таки пришел. В применении нет ничего сложного, но для меня оказалась бесполезной. одна сторона разогнулась а вторая не выпрямляется, вследствии чего и нет возможности использовать! а да, ещё железка торчит. спор открывать не буду, мелочь, но приятного мало",M,https://gw.alicdn.com/tps/TB1CjX4LXXXXXbSXFXXXXXXXXXX-240-240.png,720061061,N*****y G.,20 May 2018,,SunYou Economic Air Mail,Color:15cm golden ,
32457370321,False,RU,100,"Доставка до моск. области больше двух месяцев, я уже и забыла про этот заказ. Закона соответсвует описанию. Если руки растут из правильного места, то все получается хорошо. Ну или потренироваться нужно и все будет ок. В целом все соответствует описанию.  ",F,https://gw.alicdn.com/tps/TB1zA01LXXXXXc0XFXXXXXXXXXX-240-240.png,710407506,I***a V.,11 Apr 2018,https://ae01.alicdn.com/kf/UTB88eo3xpfFXKJk43Otq6xIPFXaN.jpg,China Post Ordinary Small Packet Plus,Color:24.5cm E ,https://ae01.alicdn.com/kf/UTB88eo3xpfFXKJk43Otq6xIPFXaN.jpg_220x220.jpg
32457370321,False,RU,100,Заказом довольна.Волосы держит хорошо.Трек не отслеживался.,M,https://gw.alicdn.com/tps/TB1CjX4LXXXXXbSXFXXXXXXXXXX-240-240.png,896223031,R**a A.,03 May 2018,https://ae01.alicdn.com/kf/UTB8W8Q1ylahduJk43Jaq6zM8FXaB.jpg,China Post Ordinary Small Packet Plus,Color:24.5cm E ,https://ae01.alicdn.com/kf/UTB8W8Q1ylahduJk43Jaq6zM8FXaB.jpg_220x220.jpg
32457370321,False,RU,100,"Заколка соответствует описанию, на светлые и тонкие волосы заказала в бежевом цвете маленького размера, но нужно было заказать побольше, так как гулька смотрится очень маленькой. Это размер  подходит ребенку, что касается цвета, то угадала, заколка вообще не видна.",F,https://ae01.alicdn.com/kf/UT8LxLMXphbXXagOFbXD.jpg_220x220.jpg,167400542,J***a Z.,13 Apr 2018,https://ae01.alicdn.com/kf/UTB85K9LxFfFXKJk43Otq6xIPFXag.jpg,SunYou Economic Air Mail,Color:15cm beige ,https://ae01.alicdn.com/kf/UTB85K9LxFfFXKJk43Otq6xIPFXag.jpg_220x220.jpg
32457370321,False,RU,100,"Посылка шла долго почти 2 месяца.Трек не отслеживался.Вначале не поняла,как пользоваться,посмотрела видео и все получилось.Очень удобно и быстро.Советую товар,только долго ждать.",M,https://ae01.alicdn.com/kf/UT8.EWuXsXaXXagOFbX8.jpg_220x220.jpg,739297204,A******r G.,29 May 2018,https://ae01.alicdn.com/kf/UTB8R5fvzBahduJk43Jaq6zM8FXac.jpg,China Post Ordinary Small Packet Plus,Color:21cm dark coffee ,https://ae01.alicdn.com/kf/UTB8R5fvzBahduJk43Jaq6zM8FXac.jpg_220x220.jpg
32457370321,False,RU,100,"Заколка хорошая, пришла в течении месяца. Спасибо продавцу за товар!",F,https://ae01.alicdn.com/kf/UT8UrKJXANaXXagOFbX0.jpg_220x220.jpg,756884847,E***a S.,25 Apr 2018,https://ae01.alicdn.com/kf/UTB8JSF7ypfFXKJk43Otq6xIPFXai.jpg,SunYou Economic Air Mail,Color:15cm golden ,https://ae01.alicdn.com/kf/UTB8JSF7ypfFXKJk43Otq6xIPFXai.jpg_220x220.jpg
32457370321,False,RU,100,"16 февраля заказала, 25 апреля пришло! посылка не отслеживалась, уведомления небыло никуда, пока сама не пошла на почту и не спросила про посылку! крутая штука, мне понравилась! к продавцу претензий нет. защиту продливал, общительный. спасибо!",,https://ae01.alicdn.com/kf/HTB1U4UcJpXXXXXNXpXXq6xXFXXXI.jpg_220x220.jpg,129433143,M****a R.,27 Apr 2018,https://ae01.alicdn.com/kf/UTB8LORkydoSdeJk43Owq6ya4XXaI.jpg,China Post Ordinary Small Packet Plus,Color:21cm dark coffee ,https://ae01.alicdn.com/kf/UTB8LORkydoSdeJk43Owq6ya4XXaI.jpg_220x220.jpg
32457370321,False,RU,100,"надо приноровиться чтобы их использовать, возможно у меня длина волос маловата
качество хорошее",F,https://ae01.alicdn.com/kf/UTB8rz9GrVfFXKJk43Otq6xIPFXaT.jpg_220x220.jpg,715488306,L**a B.,16 Mar 2018,https://ae01.alicdn.com/kf/UTB8gLlAv0oSdeJk43Owq6ya4XXaA.jpg,SunYou Economic Air Mail,Color:15cm coffee ,https://ae01.alicdn.com/kf/UTB8gLlAv0oSdeJk43Owq6ya4XXaA.jpg_220x220.jpg
32457370321,True,RU,100,Товар соответствует описанию.  Доставка в КК довольно быстрая.  Качество очень даже приличное.  Рекомендую продавца к сотрудничеству.,F,,,AliExpress Shopper,26 Apr 2018,https://ae01.alicdn.com/kf/UTB8Q.aCyCnEXKJk43Ubq6zLppXa7.jpg,China Post Ordinary Small Packet Plus,Color:24.5cm D ,https://ae01.alicdn.com/kf/UTB8Q.aCyCnEXKJk43Ubq6zLppXa7.jpg_220x220.jpg
32457370321,False,RU,100,"Задумка хорошая, но пользоваться самостоятельно невозможно, раскрутить и одеть в волосы не получается из-за сильно тугого механизма. Если кому-то делать может и  нормальная. С 13.01. по 24.04. ждала заказ. Продавец общительный, деликатный",F,https://ae01.alicdn.com/kf/UTB8nzjvetnJXKJkSaiyq6AhwXXaj.jpg_220x220.jpg,1627579925,M****a P.,24 Apr 2018,https://ae01.alicdn.com/kf/UTB82sA0xo_4iuJk43Fqq6z.FpXao.jpg,China Post Ordinary Small Packet Plus,Color:15cm coffee ,https://ae01.alicdn.com/kf/UTB82sA0xo_4iuJk43Fqq6z.FpXao.jpg_220x220.jpg
32457370321,False,RU,100,Вполне соответствует описанию . Удобная штука . Доставка более двух месяцев до Иркутска ,F,https://ae01.alicdn.com/kf/UTB8vzWXkiaMiuJk43PTq6ySmXXav.jpg_220x220.jpg,925408157,T****a K.,14 May 2018,,SunYou Economic Air Mail,Color:15cm golden ,
32457370321,False,MV,60,"Its too small, only fit for my kids hair but not for long hair like mine..",F,https://ae01.alicdn.com/kf/UTB8YziJoJoSdeJk43Owq6ya4XXav.jpg_220x220.jpg,721643107,E******a S.,08 May 2018,https://ae01.alicdn.com/kf/UTB8WSvNy9nEXKJk43Ubq6zLppXa0.jpg,China Post Ordinary Small Packet Plus,Color:24.5cm E ,https://ae01.alicdn.com/kf/UTB8WSvNy9nEXKJk43Ubq6zLppXa0.jpg_220x220.jpg
32457370321,False,RU,100,"Доставка до Москвы 3 недели. Трек отслеживался. 
Очень удобная штука! Заказала прозапас. 
Рекомендую!",F,https://ae01.alicdn.com/kf/UTB8.u2ddYPJXKJkSafSq6yqUXXa7.jpg_220x220.jpg,163282787,E***a P.,07 Jun 2018,https://ae01.alicdn.com/kf/UTB8GPKhz0oSdeJk43Owq6ya4XXaj.jpg,AliExpress Saver Shipping,Color:21cm golden ,https://ae01.alicdn.com/kf/UTB8GPKhz0oSdeJk43Owq6ya4XXaj.jpg_220x220.jpg
32457370321,False,RU,100,"В деле не пробывала, доставка заняла три месяца, пока ждала цвет заколки и сама заколка,стала неактуальной-волосы отстригла,цвет сменила)))",F,https://ae01.alicdn.com/kf/UT8Z7a0XVVcXXagOFbXv.jpg_220x220.jpg,133898768,O****a N.,04 May 2018,https://ae01.alicdn.com/kf/UTB8C3o2xOaMiuJk43PTq6ySmXXa3.jpg,China Post Ordinary Small Packet Plus,Color:21cm medium coffee ,https://ae01.alicdn.com/kf/UTB8C3o2xOaMiuJk43PTq6ySmXXa3.jpg_220x220.jpg
32457370321,False,RU,100,"Доставка с 15.02.18 по 27.03.18 в Воронеж, а так заколки не плохии.",F,https://gw.alicdn.com/tps/TB1zA01LXXXXXc0XFXXXXXXXXXX-240-240.png,768046915,I***a Z.,27 Mar 2018,https://ae01.alicdn.com/kf/UTB8P5Vkv5aMiuJk43PTq6ySmXXad.jpg,AliExpress Saver Shipping,Color:21cm golden ,https://ae01.alicdn.com/kf/UTB8P5Vkv5aMiuJk43PTq6ySmXXad.jpg_220x220.jpg
32457370321,False,RU,100,"шла три недели. заколка крепкая, но сильно заворачивается. пока так и приготовилась пользоваться, все время что то да торчит. возможно стрижка лесенкой мешает.",,,173850462,I***a K.,22 Mar 2018,https://ae01.alicdn.com/kf/UTB8ebkzwyDEXKJk43Oqq6Az3XXaN.jpg,AliExpress Saver Shipping,Color:24.5cm E ,https://ae01.alicdn.com/kf/UTB8ebkzwyDEXKJk43Oqq6Az3XXaN.jpg_220x220.jpg
32457370321,True,RU,100,"Товар заказывали 24.06 в Москву прибыл 18.07. Сложный в использовании, очень быстро закручивается, требуется дополнительные руки. Описание соответствует.",M,,,AliExpress Shopper,22 Jul 2018,https://ae01.alicdn.com/kf/UTB8DasxhbPJXKJkSafSq6yqUXXav.jpg,AliExpress Saver Shipping,Color:21cm black ,https://ae01.alicdn.com/kf/UTB8DasxhbPJXKJkSafSq6yqUXXav.jpg_220x220.jpg
32457370321,False,RU,100,"Заказала 10.02, получила 30.03. Посылка не отслеживалась вообще, номер отслеживания китайский, невозможно отследить даже на китайском сайте, думала не придёт, потеряется. Заказала для дочери, у неё волосы густые, длинные, держится вроде нормально, все как в описании, товар хороший, спасибо, качество устраивает ",F,https://ae01.alicdn.com/kf/UT8xACNXyNbXXagOFbXz.jpg_220x220.jpg,761614714,M****a Z.,30 Mar 2018,https://ae01.alicdn.com/kf/UTB8NI0WwJoSdeJk43Owq6ya4XXa1.jpg,China Post Ordinary Small Packet Plus,Color:21cm golden ,https://ae01.alicdn.com/kf/UTB8NI0WwJoSdeJk43Owq6ya4XXa1.jpg_220x220.jpg
32457370321,False,RU,100,"классные заколочки, пришли быстро,не отслеживались. идеально подошли под цвет волос, держат крепко, легко делать прическу, можно фантазировать.",F,https://gw.alicdn.com/tps/TB1zA01LXXXXXc0XFXXXXXXXXXX-240-240.png,185613454,E***a S.,05 Jun 2018,https://ae01.alicdn.com/kf/UTB8.FQSfT_IXKJkSalUq6yBzVXaa.jpg,SunYou Economic Air Mail,Color:15cm coffee ,https://ae01.alicdn.com/kf/UTB8.FQSfT_IXKJkSalUq6yBzVXaa.jpg_220x220.jpg
32457370321,False,RU,100,"Держит ооочень хорошо, не заметная, брала ребёнку на занятия, носить буду сама))",,,198604953,E*******a B.,19 May 2018,https://ae01.alicdn.com/kf/UTB8BiDHe3nJXKJkSaelq6xUzXXah.jpg,AliExpress Saver Shipping,Color:21cm golden ,https://ae01.alicdn.com/kf/UTB8BiDHe3nJXKJkSaelq6xUzXXah.jpg_220x220.jpg
32457370321,False,RU,100,"Заколочка шла 2 месяца, держит хорошо, качество тоже хорошее. Как пользоваться не сразу дошло  нужно потренироваться ещё.    ",F,https://ae01.alicdn.com/kf/UTB8etmjeDzIXKJkSafVq6yWgXXaT.jpg_220x220.jpg,165173239,L**a Z.,30 May 2018,https://ae01.alicdn.com/kf/UTB81sX8zVfFXKJk43Otq6xIPFXaj.jpg,SunYou Economic Air Mail,Color:15cm golden ,https://ae01.alicdn.com/kf/UTB81sX8zVfFXKJk43Otq6xIPFXaj.jpg_220x220.jpg
32457370321,False,RU,100,"мои волосы средней длинны ,я заказывала самую маленькую подошла хорошо. без резинки не удобно пользоваться,а с резинкой получаются красивые и крепкие гульки",F,https://ae01.alicdn.com/kf/UTB8x1lTzWrFXKJk43Ovq6ybnpXa2.jpg_220x220.jpg,813063110,E***a K.,23 Mar 2018,https://ae01.alicdn.com/kf/UTB8sy4zwFfFXKJk43Otq6xIPFXan.jpg,SunYou Economic Air Mail,Color:15cm beige ,https://ae01.alicdn.com/kf/UTB8sy4zwFfFXKJk43Otq6xIPFXan.jpg_220x220.jpg
32457370321,False,RU,100,"Заказала 12.03., 26.04. получено (г.Тула). Трек не отслеживался. Описанию соответствует.  Спасибо!",,https://ae01.alicdn.com/kf/UTB8mN2VfRahduJk43Jaq6zM8FXaK.jpg_220x220.jpg,748287279,S******a S.,26 Apr 2018,https://ae01.alicdn.com/kf/UTB8b4eKyxHEXKJk43Jeq6yeeXXac.jpg,China Post Ordinary Small Packet Plus,Color:21cm golden ,https://ae01.alicdn.com/kf/UTB8b4eKyxHEXKJk43Jeq6yeeXXac.jpg_220x220.jpg
32457370321,False,RU,100,"Заказала 13 февраля, шло в Самару около месяца. Прикольная заколка, удобная в использовании, когда приноровишься. Брала самую короткую, 15см, так как волосы у нас не слишком густые. Но заказала ещё и других размеров. Нам для тренировок самое то, очень быстро можно сделать прическу, шпильки не нужны. Рекомендую!!! И цена прекрасная! Трек не отслеживался ",F,https://gw.alicdn.com/tps/TB1zA01LXXXXXc0XFXXXXXXXXXX-240-240.png,727388726,V******a P.,25 Mar 2018,https://ae01.alicdn.com/kf/UTB82lQxwdoSdeJk43Owq6ya4XXay.jpg,SunYou Economic Air Mail,Color:15cm coffee ,https://ae01.alicdn.com/kf/UTB82lQxwdoSdeJk43Owq6ya4XXay.jpg_220x220.jpg
32457370321,True,RU,100,"если ребёнок занимается танцами, то эта штучка-выручалка для мам!!! легко и просто сделать гальку, но шпильки всё же понадобятся.",,,,AliExpress Shopper,15 Apr 2018,https://ae01.alicdn.com/kf/UTB8vgIJwOaMiuJk43PTq6ySmXXaw.jpg,SunYou Economic Air Mail,Color:15cm coffee ,https://ae01.alicdn.com/kf/UTB8vgIJwOaMiuJk43PTq6ySmXXaw.jpg_220x220.jpg
32457370321,False,RU,100,"качество хорошее, но пока не пробовала заплетать. купила для дочери",F,https://ae01.alicdn.com/kf/UTB8JTCAdFfJXKJkSamHq6zLyVXaa.jpg_220x220.jpg,906944824,E*******a K.,17 May 2018,https://ae01.alicdn.com/kf/UTB8xnzdy0oSdeJk43Owq6ya4XXag.jpg,China Post Ordinary Small Packet Plus,Color:21cm golden ,https://ae01.alicdn.com/kf/UTB8xnzdy0oSdeJk43Owq6ya4XXag.jpg_220x220.jpg
32457370321,False,RU,80,Вообще зеленоватого оттенка не такого как на фото. В остальном норм,F,https://ae01.alicdn.com/kf/UT8G_68XqpaXXagOFbX3.jpg_220x220.jpg,176892638,L****v G.,19 May 2018,https://ae01.alicdn.com/kf/UTB8TqWlzpfFXKJk43Otq6xIPFXaT.jpg,China Post Ordinary Small Packet Plus,Color:21cm beige ,https://ae01.alicdn.com/kf/UTB8TqWlzpfFXKJk43Otq6xIPFXaT.jpg_220x220.jpg
32457370321,False,RU,100,"спасибо, все пришло, но правда с опозданием, так что за спор Извините!!!",F,https://ae01.alicdn.com/kf/UTB8fI7GuwQydeJk43PUq6AyQpXaL.jpg_220x220.jpg,915811558,R****a M.,04 May 2018,https://ae01.alicdn.com/kf/UTB8JUckySnEXKJk43Ubq6zLppXaI.jpg,SunYou Economic Air Mail,Color:21cm medium coffee ,https://ae01.alicdn.com/kf/UTB8JUckySnEXKJk43Ubq6zLppXaI.jpg_220x220.jpg
32457370321,True,FR,80,"reçu en 3semaines, ne correspond pas du tout à la couleur demandé déçu mais le reste ça va. j'ai eu un remboursement partiel en compensation",,,,AliExpress Shopper,12 Jun 2018,https://ae01.alicdn.com/kf/UTB82QNlgevJXKJkSajhq6A7aFXai.jpg,China Post Ordinary Small Packet Plus,Color:21cm beige ,https://ae01.alicdn.com/kf/UTB82QNlgevJXKJkSajhq6A7aFXai.jpg_220x220.jpg
32457370321,False,RU,100,"Посылка шла 2 месяца! Заказывали 2 штуки, товар хороший, будем пробовать!",,https://ae01.alicdn.com/kf/UTB8wXOyif2JXKJkSanrq6y3lVXaF.jpg_220x220.jpg,1641034917,Ru N.,12 Apr 2018,https://ae01.alicdn.com/kf/UTB8FQhNxNHEXKJk43Jeq6yeeXXaK.jpg,China Post Ordinary Small Packet Plus,Color:21cm light coffee ,https://ae01.alicdn.com/kf/UTB8FQhNxNHEXKJk43Jeq6yeeXXaK.jpg_220x220.jpg
32457370321,False,RU,100,"Спасибо! нравится :)
цвет соответствует, все как на картинке. не думаю, что волосинки на ней долговечные, но для периодической аккуратной носки пойдет. держит хорошо, качество норм. 
доставка до московской области 1 месяц, отправил продавец быстро. заказала много разных резинок, заколок у него. всем довольна очень. рекомендую продавца!
почтовый пакет с пупырками",M,https://ae01.alicdn.com/kf/UTB8Jm3DxtoSdeJk43Owq6ya4XXaY.jpg_220x220.jpg,710167828,R****n R.,06 May 2018,https://ae01.alicdn.com/kf/UTB82RCAx5aMiuJk43PTq6ySmXXa8.jpg,China Post Registered Air Mail,Color:21cm medium coffee ,https://ae01.alicdn.com/kf/UTB82RCAx5aMiuJk43PTq6ySmXXa8.jpg_220x220.jpg
32457370321,False,RU,100,"Заказала 14.04, получила на почте 31.05. Посылка не отслеживалась. Пока не очень получается пользоваться этой штукой, надо приспособиться.",F,https://gw.alicdn.com/tps/TB1zA01LXXXXXc0XFXXXXXXXXXX-240-240.png,895862393,E*******a M.,01 Jun 2018,https://ae01.alicdn.com/kf/UTB8qOlEzJoSdeJk43Owq6ya4XXaI.jpg,SunYou Economic Air Mail,Color:21cm golden ,https://ae01.alicdn.com/kf/UTB8qOlEzJoSdeJk43Owq6ya4XXaI.jpg_220x220.jpg
